pl_name,hostname,pl_orbper,pl_tranmid,pl_ratror,pl_ratrorerr1,pl_ratrorerr2,pl_imppar,pl_impparerr1,pl_ratdor,pl_trandep,pl_trandur,st_teff,st_logg,st_met,default_flag,pl_refname
"Kepler-7 b","Kepler-7",4.88548920000,2454967.27687000,0.08294000,0.00011000,-0.00011000,0.559900,0.004500,6.637000,,,5933.00,3.980000,0.1100,1,"<a refstr=ESTEVES_ET_AL__2015 href=https://ui.adsabs.harvard.edu/abs/2015ApJ...804..150E/abstract target=ref>Esteves et al. 2015</a>"
"Kepler-7 b","Kepler-7",4.88552500000,2454967.27571000,0.08241000,0.00030000,-0.00043000,0.445000,0.032000,7.220000,,4.6300000,5933.00,4.030000,0.1100,0,"<a refstr=LATHAM_ET_AL__2010 href=https://ui.adsabs.harvard.edu/abs/2010ApJ...713L.140L/abstract target=ref> Latham et al. 2010 </a>"
"Kepler-7 b","Kepler-7",4.88548895300,,0.08067800,0.00005400,-0.00016000,,,,,,6084.00,,0.1900,0,"<a refstr=FULTON__AMP__PETIGURA_2018 href=https://ui.adsabs.harvard.edu/abs/2018AJ....156..264F/abstract target=ref>Fulton &amp; Petigura 2018</a>"
"Kepler-7 b","Kepler-7",4.88548917000,2454967.27607900,0.08284000,0.00003000,-0.00003000,0.514500,0.100000,6.842000,0.74890000,5.2295000,5934.00,4.040000,,0,"<a refstr=Q1_Q8_KOI_TABLE href=https://exoplanetarchive.ipac.caltech.edu/docs/Kepler_KOI_docs.html target=ref>Q1-Q8 KOI Table</a>"
"Kepler-7 b","Kepler-7",4.88548837000,2455700.10019800,0.08294000,0.00011000,-0.00011000,,,6.637000,,,5933.00,4.030000,0.1100,0,"<a refstr=KOKORI_ET_AL__2023 href=https://ui.adsabs.harvard.edu/abs/2023ApJS..265....4K/abstract target=ref>Kokori et al. 2023</a>"
"Kepler-7 b","Kepler-7",4.88548895300,2454967.27683830,0.08067800,0.00005400,-0.00016000,,,,,5.1313000,6083.00,3.970000,0.1100,0,"<a refstr=MORTON_ET_AL__2016 href=https://ui.adsabs.harvard.edu/abs/2016ApJ...822...86M/abstract target=ref>Morton et al. 2016</a>"
"Kepler-7 b","Kepler-7",4.88548859600,2454967.27687850,0.07989800,0.00009400,-0.00012600,0.361000,0.014000,7.392000,0.74584000,5.1616500,6036.00,3.968000,0.1000,0,"<a refstr=Q1_Q17_DR25_KOI_TABLE href=https://exoplanetarchive.ipac.caltech.edu/docs/Kepler_KOI_docs.html target=ref>Q1-Q17 DR25 KOI Table</a>"
"Kepler-7 b","Kepler-7",4.88548895300,2454967.27683830,0.08067800,0.00005400,-0.00016000,0.203200,0.016400,7.747000,0.75693000,5.1313000,6027.00,3.971000,0.1000,0,"<a refstr=Q1_Q12_KOI_TABLE href=https://exoplanetarchive.ipac.caltech.edu/docs/Kepler_KOI_docs.html target=ref>Q1-Q12 KOI Table</a>"
"Kepler-7 b","Kepler-7",4.88548895300,2454967.27683830,0.08067800,0.00005400,-0.00016000,0.203200,0.016400,7.747000,0.75693000,5.1313000,6027.00,3.971000,0.1000,0,"<a refstr=Q1_Q17_DR24_KOI_TABLE href=https://exoplanetarchive.ipac.caltech.edu/docs/Kepler_KOI_docs.html target=ref>Q1-Q17 DR24 KOI Table</a>"
"Kepler-7 b","Kepler-7",4.88548895300,2454967.27683830,0.08067800,0.00005400,-0.00016000,0.203200,0.016400,7.747000,0.75693000,5.1313000,6027.00,3.971000,0.1000,0,"<a refstr=Q1_Q16_KOI_TABLE href=https://exoplanetarchive.ipac.caltech.edu/docs/Kepler_KOI_docs.html target=ref>Q1-Q16 KOI Table</a>"
"TrES-2 b","TrES-2",2.47062100000,2453957.63479000,0.12530000,0.00100000,-0.00100000,0.854000,0.006200,7.630000,,1.8400000,5850.00,,,0,"<a refstr=HOLMAN_ET_AL__2007 href=https://ui.adsabs.harvard.edu/abs/2007ApJ...664.1185H/abstract target=ref> Holman et al. 2007 </a>"
"TrES-2 b","TrES-2",2.47061338500,2454955.76330080,0.12385100,0.00002500,-0.00007600,0.818600,0.000300,8.392200,1.41864000,1.7425900,5850.00,4.455000,-0.1500,0,"<a refstr=Q1_Q16_KOI_TABLE href=https://exoplanetarchive.ipac.caltech.edu/docs/Kepler_KOI_docs.html target=ref>Q1-Q16 KOI Table</a>"
"TrES-2 b","TrES-2",2.47061337380,2453957.63549910,0.12656000,0.00015000,-0.00015000,0.842000,0.001000,7.930210,,,,4.461000,,0,"<a refstr=RAETZ_ET_AL__2014 href=https://ui.adsabs.harvard.edu/abs/2014MNRAS.444.1351R/abstract target=ref>Raetz et al. 2014</a>"
"TrES-2 b","TrES-2",2.47061344000,2454664.23039000,0.12780000,0.00940000,-0.00940000,,,8.130100,,1.7883000,,,,0,"<a refstr=CHRISTIANSEN_ET_AL__2011 href=https://ui.adsabs.harvard.edu/abs/2011ApJ...726...94C/abstract target=ref> Christiansen et al. 2011 </a>"
"TrES-2 b","TrES-2",2.47061338500,2454955.76330080,0.12385100,0.00002500,-0.00007600,0.818600,0.000300,8.392200,1.41864000,1.7425900,5850.00,4.455000,-0.1500,0,"<a refstr=Q1_Q17_DR24_KOI_TABLE href=https://exoplanetarchive.ipac.caltech.edu/docs/Kepler_KOI_docs.html target=ref>Q1-Q17 DR24 KOI Table</a>"
"TrES-2 b","TrES-2",2.47061892000,2454849.52664000,0.12780000,0.00290000,-0.00180000,0.841800,0.003700,8.060000,1.63300000,1.7890000,5850.00,4.400000,-0.1500,0,"<a refstr=KIPPING__AMP__BAKOS_2011 href=https://ui.adsabs.harvard.edu/abs/2011ApJ...733...36K/abstract target=ref>Kipping &amp; Bakos 2011</a>"
"TrES-2 b","TrES-2",2.47061010000,2453957.63512000,0.12600000,,,,,,,,5854.00,4.448240,-0.0300,0,"<a refstr=RABUS_ET_AL__2009 href=https://ui.adsabs.harvard.edu/abs/2009A&A...508.1011R/abstract target=ref>Rabus et al. 2009</a>"
"TrES-2 b","TrES-2",2.47061338500,2454955.76330080,0.12385100,0.00002500,-0.00007600,0.818600,0.000300,8.392200,1.41864000,1.7425900,5850.00,4.455000,-0.1500,0,"<a refstr=Q1_Q12_KOI_TABLE href=https://exoplanetarchive.ipac.caltech.edu/docs/Kepler_KOI_docs.html target=ref>Q1-Q12 KOI Table</a>"
"TrES-2 b","TrES-2",2.47061317000,2454955.76256620,0.12437000,0.00008000,-0.00008000,0.822000,0.100000,8.445000,1.42840000,1.7246000,5814.00,4.380000,,0,"<a refstr=Q1_Q8_KOI_TABLE href=https://exoplanetarchive.ipac.caltech.edu/docs/Kepler_KOI_docs.html target=ref>Q1-Q8 KOI Table</a>"
"TrES-2 b","TrES-2",2.47061437000,2453957.63458000,0.12600000,0.00300000,-0.00300000,,,7.813000,,,5795.00,4.457000,0.0600,0,"<a refstr=_OUML_ZT_UUML_RK__AMP__ERDEM_2019 href=https://ui.adsabs.harvard.edu/abs/2019MNRAS.486.2290O/abstract target=ref>&Ouml;zt&uuml;rk &amp; Erdem 2019</a>"
"TrES-2 b","TrES-2",2.47061337200,2455706.82976910,0.12540000,0.00050000,-0.00050000,,,7.903000,,,5850.00,,,0,"<a refstr=KOKORI_ET_AL__2023 href=https://ui.adsabs.harvard.edu/abs/2023ApJS..265....4K/abstract target=ref>Kokori et al. 2023</a>"
"TrES-2 b","TrES-2",2.47061338500,2454955.76330080,0.12385100,0.00002500,-0.00007600,,,,,1.7425900,5860.00,4.460000,-0.1000,0,"<a refstr=MORTON_ET_AL__2016 href=https://ui.adsabs.harvard.edu/abs/2016ApJ...822...86M/abstract target=ref>Morton et al. 2016</a>"
"TrES-2 b","TrES-2",2.47063000000,,0.12530000,0.00100000,-0.00100000,0.854000,0.006200,7.620000,,,5850.00,,,0,"<a refstr=TORRES_ET_AL__2008 href=https://ui.adsabs.harvard.edu/abs/2008ApJ...677.1324T/abstract target=ref> Torres et al. 2008 </a>"
"TrES-2 b","TrES-2",2.47061338500,,0.12385100,0.00002500,-0.00007600,,,,,,5819.00,,0.0100,0,"<a refstr=FULTON__AMP__PETIGURA_2018 href=https://ui.adsabs.harvard.edu/abs/2018AJ....156..264F/abstract target=ref>Fulton &amp; Petigura 2018</a>"
"TrES-2 b","TrES-2",2.47061320000,2456230.59800000,0.12535800,0.00001900,-0.00002400,,,,,,5850.00,4.427000,-0.1500,0,"<a refstr=TURNER_ET_AL__2016 href=https://ui.adsabs.harvard.edu/abs/2016MNRAS.459..789T/abstract target=ref>Turner et al. 2016</a>"
"TrES-2 b","TrES-2",2.47061340200,2453957.63548600,0.12759000,0.00003000,-0.00004000,,,7.989900,,,5854.00,4.448240,-0.0300,0,"<a refstr=SCHR_OUML_TER_ET_AL__2012 href=https://ui.adsabs.harvard.edu/abs/2012A&A...539A..97S/abstract target=ref>Schr&ouml;ter et al. 2012</a>"
"TrES-2 b","TrES-2",2.47061337700,2454955.76330500,0.12387100,0.00005100,-0.00007100,0.818000,0.001000,8.397700,1.42309000,1.7431900,5820.00,4.457000,-0.0600,0,"<a refstr=Q1_Q17_DR25_KOI_TABLE href=https://exoplanetarchive.ipac.caltech.edu/docs/Kepler_KOI_docs.html target=ref>Q1-Q17 DR25 KOI Table</a>"
"TrES-2 b","TrES-2",2.47061317000,2454955.76336000,0.12539000,0.00049000,-0.00035000,0.843590,0.000750,7.903000,,,5850.00,4.426000,-0.1500,0,"<a refstr=ESTEVES_ET_AL__2015 href=https://ui.adsabs.harvard.edu/abs/2015ApJ...804..150E/abstract target=ref>Esteves et al. 2015</a>"
"TrES-2 b","TrES-2",2.47061320000,2454955.76255040,0.12535800,0.00001900,-0.00002400,0.842930,0.000160,7.931000,,,5850.00,4.450000,-0.1500,0,"<a refstr=BARCLAY_ET_AL__2012 href=https://ui.adsabs.harvard.edu/abs/2012ApJ...761...53B/abstract target=ref>Barclay et al. 2012</a>"
